BEGIN;DURATION;TOKEN;MAU;MAS;ORT;KAN;TRO;MRP;KAS;SPK;TRN;SPD;VAD
0;68159;-1;<p:>;;;;;;;;;;
68160;4319;0;s;;Something;s V m T I N;;;;;;;
72480;4319;0;V;;Something;s V m T I N;;;;;;;
76800;2879;0;m;;Something;s V m T I N;;;;;;;
79680;1919;0;T;;Something;s V m T I N;;;;;;;
81600;2399;0;I;;Something;s V m T I N;;;;;;;
84000;1919;0;N;;Something;s V m T I N;;;;;;;
85920;3359;1;I;;is;I z;;;;;;;
89280;3839;1;z;;is;I z;;;;;;;
93120;4799;2;v;;very;v E R i:;;;;;;;
97920;5279;2;3`;;very;v E R i:;;;;;;;
103200;2399;2;i:;;very;v E R i:;;;;;;;
105600;5759;3;R;;wrong;R O: N;;;;;;;
111360;13919;3;O:;;wrong;R O: N;;;;;;;
125280;6719;3;N;;wrong;R O: N;;;;;;;
132000;1439;4;E;;says;s E z;;;;;;;
133440;4799;4;z;;says;s E z;;;;;;;
138240;4319;5;D;;the;D V;;;;;;;
142560;1439;5;V;;the;D V;;;;;;;
144000;5759;6;d;;detective;d I t E k t I v;;;;;;;
149760;3359;6;I;;detective;d I t E k t I v;;;;;;;
153120;7679;6;t;;detective;d I t E k t I v;;;;;;;
160800;3359;6;E;;detective;d I t E k t I v;;;;;;;
164160;2879;6;k;;detective;d I t E k t I v;;;;;;;
167040;3839;6;t;;detective;d I t E k t I v;;;;;;;
170880;2399;6;I;;detective;d I t E k t I v;;;;;;;
173280;1439;6;v;;detective;d I t E k t I v;;;;;;;
174720;11999;-1;<p:>;;;;;;;;;;
186720;4799;7;aI;;I;aI;;;;;;;
191520;2879;8;n;;know;n @U;;;;;;;
194400;11039;8;@U;;know;n @U;;;;;;;
205440;4799;-1;<p:>;;;;;;;;;;
210240;5759;9;s;;says;s E z;;;;;;;
216000;3359;9;E;;says;s E z;;;;;;;
219360;3359;9;z;;says;s E z;;;;;;;
222720;2879;10;m;;Ms;m s;;;;;;;
225600;3839;10;s;;Ms;m s;;;;;;;
229440;7679;11;g;;Gervis;g 3` v I s;;;;;;;
237120;7199;11;3`;;Gervis;g 3` v I s;;;;;;;
244320;3359;11;v;;Gervis;g 3` v I s;;;;;;;
247680;1439;11;I;;Gervis;g 3` v I s;;;;;;;
249120;5759;11;s;;Gervis;g 3` v I s;;;;;;;
254880;23039;-1;<p:>;;;;;;;;;;
277920;1439;12;I;;It;I t;;;;;;;
279360;3359;12;t;;It;I t;;;;;;;
282720;1919;13;I;;is;I z;;;;;;;
284640;2879;13;z;;is;I z;;;;;;;
287520;4319;-1;<p:>;;;;;;;;;;
291840;1439;14;R;;wrong;R O: N;;;;;;;
293280;3839;14;O:;;wrong;R O: N;;;;;;;
297120;4799;14;N;;wrong;R O: N;;;;;;;
301920;1919;15;D;;that;D { t;;;;;;;
303840;1919;15;{;;that;D { t;;;;;;;
305760;3359;15;t;;that;D { t;;;;;;;
309120;4319;16;s;;someone;s V m w V n;;;;;;;
313440;3839;16;V;;someone;s V m w V n;;;;;;;
317280;1919;16;m;;someone;s V m w V n;;;;;;;
319200;2879;16;w;;someone;s V m w V n;;;;;;;
322080;1439;16;V;;someone;s V m w V n;;;;;;;
323520;1919;16;n;;someone;s V m w V n;;;;;;;
325440;1439;17;h;;has;h { z;;;;;;;
326880;5279;17;{;;has;h { z;;;;;;;
332160;1919;17;z;;has;h { z;;;;;;;
334080;2399;18;s;;stolen;s t @U l V n;;;;;;;
336480;4319;18;t;;stolen;s t @U l V n;;;;;;;
340800;6719;18;@U;;stolen;s t @U l V n;;;;;;;
347520;1439;18;l;;stolen;s t @U l V n;;;;;;;
348960;1439;18;V;;stolen;s t @U l V n;;;;;;;
350400;3359;18;n;;stolen;s t @U l V n;;;;;;;
353760;4319;-1;<p:>;;;;;;;;;;
358080;1439;19;f;;from;f R V m;;;;;;;
359520;1439;19;R;;from;f R V m;;;;;;;
360960;1439;19;V;;from;f R V m;;;;;;;
362400;3839;19;m;;from;f R V m;;;;;;;
366240;1439;20;m;;me;m i:;;;;;;;
367680;2399;20;i:;;me;m i:;;;;;;;
370080;23999;-1;<p:>;;;;;;;;;;
394080;2879;21;D;;The;D V;;;;;;;
396960;1439;21;V;;The;D V;;;;;;;
398400;3359;22;d;;detective;d I t E k t I v;;;;;;;
401760;2399;22;I;;detective;d I t E k t I v;;;;;;;
404160;3359;22;t;;detective;d I t E k t I v;;;;;;;
407520;3839;22;E;;detective;d I t E k t I v;;;;;;;
411360;1919;22;k;;detective;d I t E k t I v;;;;;;;
413280;4319;22;t;;detective;d I t E k t I v;;;;;;;
417600;2399;22;I;;detective;d I t E k t I v;;;;;;;
420000;3839;22;v;;detective;d I t E k t I v;;;;;;;
423840;1919;23;l;;looks;l U k s;;;;;;;
425760;2399;23;U;;looks;l U k s;;;;;;;
428160;1919;23;k;;looks;l U k s;;;;;;;
430080;4799;23;s;;looks;l U k s;;;;;;;
434880;4799;24;?;;around;3` aU n d;;;;;;;
439680;2879;24;3`;;around;3` aU n d;;;;;;;
442560;6719;24;aU;;around;3` aU n d;;;;;;;
449280;6239;24;n;;around;3` aU n d;;;;;;;
455520;1439;25;m;;Ms;m s;;;;;;;
456960;3359;25;s;;Ms;m s;;;;;;;
460320;6719;26;g;;Gervis’;g 3` v I s;;;;;;;
467040;7199;26;3`;;Gervis’;g 3` v I s;;;;;;;
474240;1439;26;v;;Gervis’;g 3` v I s;;;;;;;
475680;1439;26;I;;Gervis’;g 3` v I s;;;;;;;
477120;3839;26;s;;Gervis’;g 3` v I s;;;;;;;
480960;2399;27;V;;apartment;V p Q R t m V n t;;;;;;;
483360;4319;27;p;;apartment;V p Q R t m V n t;;;;;;;
487680;4799;27;Q;;apartment;V p Q R t m V n t;;;;;;;
492480;2879;27;R;;apartment;V p Q R t m V n t;;;;;;;
495360;2879;27;t;;apartment;V p Q R t m V n t;;;;;;;
498240;2399;27;m;;apartment;V p Q R t m V n t;;;;;;;
500640;1439;27;V;;apartment;V p Q R t m V n t;;;;;;;
502080;3359;27;n;;apartment;V p Q R t m V n t;;;;;;;
505440;2879;27;t;;apartment;V p Q R t m V n t;;;;;;;
508320;20639;-1;<p:>;;;;;;;;;;
528960;1439;28;D;;That;D { t;;;;;;;
530400;1439;28;{;;That;D { t;;;;;;;
531840;1439;28;t;;That;D { t;;;;;;;
533280;3839;29;I;;is;I z;;;;;;;
537120;2159;29;z;;is;I z;;;;;;;
539280;2159;30;n;;not;n Q t;;;;;;;
541440;2879;30;Q;;not;n Q t;;;;;;;
544320;1439;30;t;;not;n Q t;;;;;;;
545760;3359;31;w;;what;w V t;;;;;;;
549120;1439;31;V;;what;w V t;;;;;;;
550560;2399;31;t;;what;w V t;;;;;;;
552960;1919;32;aI;;I;aI;;;;;;;
554880;1439;33;{;;am;{ m;;;;;;;
556320;4319;33;m;;am;{ m;;;;;;;
560640;4319;34;t;;talking;t O: k I N;;;;;;;
564960;9119;34;O:;;talking;t O: k I N;;;;;;;
574080;2399;34;k;;talking;t O: k I N;;;;;;;
576480;1439;34;I;;talking;t O: k I N;;;;;;;
577920;1919;34;N;;talking;t O: k I N;;;;;;;
579840;1439;35;V;;about;V b aU t;;;;;;;
581280;4319;35;b;;about;V b aU t;;;;;;;
585600;5759;35;aU;;about;V b aU t;;;;;;;
591360;2399;35;t;;about;V b aU t;;;;;;;
593760;6239;-1;<p:>;;;;;;;;;;
600000;2879;36;m;;ma’am;m V V m;;;;;;;
602880;5279;36;V;;ma’am;m V V m;;;;;;;
608160;1439;36;V;;ma’am;m V V m;;;;;;;
609600;1919;36;m;;ma’am;m V V m;;;;;;;
611520;31199;-1;<p:>;;;;;;;;;;
642720;1439;37;w;;What;w V t;;;;;;;
644160;1439;37;V;;What;w V t;;;;;;;
645600;1439;37;t;;What;w V t;;;;;;;
647040;1439;38;I;;is;I z;;;;;;;
648480;4799;38;z;;is;I z;;;;;;;
653280;3839;39;R;;wrong;R O: N;;;;;;;
657120;6239;39;O:;;wrong;R O: N;;;;;;;
663360;4799;39;N;;wrong;R O: N;;;;;;;
668160;2879;40;I;;is;I z;;;;;;;
671040;1439;40;z;;is;I z;;;;;;;
672480;3359;41;D;;that;D { t;;;;;;;
675840;2399;41;{;;that;D { t;;;;;;;
678240;2879;41;t;;that;D { t;;;;;;;
681120;9119;42;aI;;I;aI;;;;;;;
690240;4319;43;d;;do;d u:;;;;;;;
694560;7199;43;u:;;do;d u:;;;;;;;
701760;3359;44;n;;not;n Q t;;;;;;;
705120;2879;44;Q;;not;n Q t;;;;;;;
708000;3359;44;t;;not;n Q t;;;;;;;
711360;1439;45;V;;understand;V n d 3` s t { n d;;;;;;;
712800;3359;45;n;;understand;V n d 3` s t { n d;;;;;;;
716160;1919;45;d;;understand;V n d 3` s t { n d;;;;;;;
718080;3359;45;3`;;understand;V n d 3` s t { n d;;;;;;;
721440;3359;45;s;;understand;V n d 3` s t { n d;;;;;;;
724800;3359;45;t;;understand;V n d 3` s t { n d;;;;;;;
728160;8159;45;{;;understand;V n d 3` s t { n d;;;;;;;
736320;2399;45;n;;understand;V n d 3` s t { n d;;;;;;;
738720;1439;45;d;;understand;V n d 3` s t { n d;;;;;;;
740160;3359;46;h;;how;h aU;;;;;;;
743520;4319;46;aU;;how;h aU;;;;;;;
747840;3359;47;D;;the;D V;;;;;;;
751200;1439;47;V;;the;D V;;;;;;;
752640;7199;48;R;;robber;R Q b 3`;;;;;;;
759840;3359;48;Q;;robber;R Q b 3`;;;;;;;
763200;1919;48;b;;robber;R Q b 3`;;;;;;;
765120;4319;48;3`;;robber;R Q b 3`;;;;;;;
769440;4799;49;g;;got;g Q t;;;;;;;
774240;3359;49;Q;;got;g Q t;;;;;;;
777600;3359;49;t;;got;g Q t;;;;;;;
780960;9119;50;I;;in;I n;;;;;;;
790080;7679;50;n;;in;I n;;;;;;;
797760;9599;-1;<p:>;;;;;;;;;;
807360;4799;51;V;;and;V n d;;;;;;;
812160;2399;51;n;;and;V n d;;;;;;;
814560;2399;51;d;;and;V n d;;;;;;;
816960;11519;52;aU;;out;aU t;;;;;;;
828480;4799;52;t;;out;aU t;;;;;;;
833280;39359;-1;<p:>;;;;;;;;;;
872640;2879;53;m;;Ms;m s;;;;;;;
875520;2399;53;s;;Ms;m s;;;;;;;
877920;4799;54;g;;Gervis;g 3` v I s;;;;;;;
882720;6719;54;3`;;Gervis;g 3` v I s;;;;;;;
889440;2879;54;v;;Gervis;g 3` v I s;;;;;;;
892320;2879;54;I;;Gervis;g 3` v I s;;;;;;;
895200;4319;54;s;;Gervis;g 3` v I s;;;;;;;
899520;1919;55;V;;and;V n d;;;;;;;
901440;1919;55;n;;and;V n d;;;;;;;
903360;1439;56;D;;the;D V;;;;;;;
904800;1439;56;V;;the;D V;;;;;;;
906240;1439;57;d;;detective;d I t E k t I v;;;;;;;
907680;1439;57;I;;detective;d I t E k t I v;;;;;;;
909120;3839;57;t;;detective;d I t E k t I v;;;;;;;
912960;4319;57;E;;detective;d I t E k t I v;;;;;;;
917280;2879;57;k;;detective;d I t E k t I v;;;;;;;
920160;1919;57;t;;detective;d I t E k t I v;;;;;;;
922080;3359;57;I;;detective;d I t E k t I v;;;;;;;
925440;1439;57;v;;detective;d I t E k t I v;;;;;;;
926880;8159;58;s;;stand;s t { n d;;;;;;;
935040;3839;58;t;;stand;s t { n d;;;;;;;
938880;3839;58;{;;stand;s t { n d;;;;;;;
942720;1919;58;n;;stand;s t { n d;;;;;;;
944640;1439;58;d;;stand;s t { n d;;;;;;;
946080;2399;59;I;;in;I n;;;;;;;
948480;1919;59;n;;in;I n;;;;;;;
950400;5759;60;s;;silence;s aI l V n s;;;;;;;
956160;8159;60;aI;;silence;s aI l V n s;;;;;;;
964320;1439;60;l;;silence;s aI l V n s;;;;;;;
965760;1439;60;V;;silence;s aI l V n s;;;;;;;
967200;4799;60;n;;silence;s aI l V n s;;;;;;;
972000;9599;60;s;;silence;s aI l V n s;;;;;;;
981600;9119;-1;<p:>;;;;;;;;;;
990720;1439;61;m;;Ms;m s;;;;;;;
992160;4799;61;s;;Ms;m s;;;;;;;
996960;3359;62;g;;Gervis’;g 3` v I s;;;;;;;
1000320;5759;62;3`;;Gervis’;g 3` v I s;;;;;;;
1006080;2399;62;v;;Gervis’;g 3` v I s;;;;;;;
1008480;1439;62;I;;Gervis’;g 3` v I s;;;;;;;
1009920;5279;62;s;;Gervis’;g 3` v I s;;;;;;;
1015200;11999;63;aI;;eyes;aI z;;;;;;;
1027200;2879;63;z;;eyes;aI z;;;;;;;
1030080;1919;64;Q;;are;Q R;;;;;;;
1032000;1439;64;R;;are;Q R;;;;;;;
1033440;9599;65;f;;full;f U l;;;;;;;
1043040;2879;65;U;;full;f U l;;;;;;;
1045920;1439;65;l;;full;f U l;;;;;;;
1047360;1919;66;V;;of;V v;;;;;;;
1049280;1439;66;v;;of;V v;;;;;;;
1050720;3359;-1;<p:>;;;;;;;;;;
1054080;6719;67;t;;tears;t E R z;;;;;;;
1060800;1439;67;E;;tears;t E R z;;;;;;;
1062240;3359;67;R;;tears;t E R z;;;;;;;
1065600;5759;67;z;;tears;t E R z;;;;;;;
1071360;25439;-1;<p:>;;;;;;;;;;
1096800;1919;68;h;;Her;h 3`;;;;;;;
1098720;5279;68;3`;;Her;h 3`;;;;;;;
1104000;1439;69;h;;hands;h { n d z;;;;;;;
1105440;6239;69;{;;hands;h { n d z;;;;;;;
1111680;2879;69;n;;hands;h { n d z;;;;;;;
1114560;1439;69;d;;hands;h { n d z;;;;;;;
1116000;2879;69;z;;hands;h { n d z;;;;;;;
1118880;1919;70;Q;;are;Q R;;;;;;;
1120800;1439;70;R;;are;Q R;;;;;;;
1122240;7679;71;S;;shaking;S eI k I N;;;;;;;
1129920;5759;71;eI;;shaking;S eI k I N;;;;;;;
1135680;4319;71;k;;shaking;S eI k I N;;;;;;;
1140000;1439;71;I;;shaking;S eI k I N;;;;;;;
1141440;1439;71;N;;shaking;S eI k I N;;;;;;;
1142880;30719;-1;<p:>;;;;;;;;;;
1173600;1919;72;D;;The;D V;;;;;;;
1175520;1439;72;V;;The;D V;;;;;;;
1176960;4799;73;R;;robber;R Q b 3`;;;;;;;
1181760;1919;73;Q;;robber;R Q b 3`;;;;;;;
1183680;2879;73;b;;robber;R Q b 3`;;;;;;;
1186560;3359;73;3`;;robber;R Q b 3`;;;;;;;
1189920;2399;74;d;;did;d I d;;;;;;;
1192320;2879;74;I;;did;d I d;;;;;;;
1195200;1919;74;d;;did;d I d;;;;;;;
1197120;2399;75;n;;not;n Q t;;;;;;;
1199520;3359;75;Q;;not;n Q t;;;;;;;
1202880;3839;75;t;;not;n Q t;;;;;;;
1206720;4799;76;k;;come;k V m;;;;;;;
1211520;2879;76;V;;come;k V m;;;;;;;
1214400;4799;76;m;;come;k V m;;;;;;;
1219200;8159;-1;<p:>;;;;;;;;;;
1227360;1919;77;T;;through;T R u:;;;;;;;
1229280;1439;77;R;;through;T R u:;;;;;;;
1230720;1919;77;u:;;through;T R u:;;;;;;;
1232640;1919;78;D;;the;D V;;;;;;;
1234560;1439;78;V;;the;D V;;;;;;;
1236000;6239;79;w;;window;w I n d @U;;;;;;;
1242240;1439;79;I;;window;w I n d @U;;;;;;;
1243680;3359;79;n;;window;w I n d @U;;;;;;;
1247040;2399;79;d;;window;w I n d @U;;;;;;;
1249440;7199;79;@U;;window;w I n d @U;;;;;;;
1256640;7679;80;s;;says;s E z;;;;;;;
1264320;4319;80;E;;says;s E z;;;;;;;
1268640;2399;80;z;;says;s E z;;;;;;;
1271040;5279;-1;<p:>;;;;;;;;;;
1276320;1919;81;D;;the;D V;;;;;;;
1278240;1919;81;V;;the;D V;;;;;;;
1280160;11039;-1;<p:>;;;;;;;;;;
1291200;4319;82;d;;detective;d I t E k t I v;;;;;;;
1295520;1439;82;I;;detective;d I t E k t I v;;;;;;;
1296960;3359;82;t;;detective;d I t E k t I v;;;;;;;
1300320;4319;82;E;;detective;d I t E k t I v;;;;;;;
1304640;3839;82;k;;detective;d I t E k t I v;;;;;;;
1308480;1919;82;t;;detective;d I t E k t I v;;;;;;;
1310400;2399;82;I;;detective;d I t E k t I v;;;;;;;
1312800;1439;82;v;;detective;d I t E k t I v;;;;;;;
1314240;33119;-1;<p:>;;;;;;;;;;
1347360;1919;83;D;;These;D i: z;;;;;;;
1349280;4319;83;i:;;These;D i: z;;;;;;;
1353600;3359;83;z;;These;D i: z;;;;;;;
1356960;3839;84;w;;windows;w I n d @U z;;;;;;;
1360800;1439;84;I;;windows;w I n d @U z;;;;;;;
1362240;4319;84;n;;windows;w I n d @U z;;;;;;;
1366560;2399;84;d;;windows;w I n d @U z;;;;;;;
1368960;10559;84;@U;;windows;w I n d @U z;;;;;;;
1379520;5759;84;z;;windows;w I n d @U z;;;;;;;
1385280;10559;85;h\;;have;h { v;;;;;;;
1395840;4799;85;{;;have;h { v;;;;;;;
1400640;1439;85;v;;have;h { v;;;;;;;
1402080;2399;-1;<p:>;;;;;;;;;;
1404480;3839;86;n;;not;n Q t;;;;;;;
1408320;2399;86;Q;;not;n Q t;;;;;;;
1410720;1439;86;t;;not;n Q t;;;;;;;
1412160;5759;87;b;;been;b I n;;;;;;;
1417920;1439;87;I;;been;b I n;;;;;;;
1419360;6239;87;n;;been;b I n;;;;;;;
1425600;5759;88;?;;opened;@U p V n d;;;;;;;
1431360;5279;88;@U;;opened;@U p V n d;;;;;;;
1436640;3359;88;p;;opened;@U p V n d;;;;;;;
1440000;1439;88;V;;opened;@U p V n d;;;;;;;
1441440;4319;88;n;;opened;@U p V n d;;;;;;;
1445760;1439;88;d;;opened;@U p V n d;;;;;;;
1447200;6239;89;O:;;or;O: R;;;;;;;
1453440;1439;89;R;;or;O: R;;;;;;;
1454880;6239;90;S;;shut;S V t;;;;;;;
1461120;3839;90;V;;shut;S V t;;;;;;;
1464960;3839;90;t;;shut;S V t;;;;;;;
1468800;1439;91;I;;in;I n;;;;;;;
1470240;1439;91;n;;in;I n;;;;;;;
1471680;4799;92;m;;months;m V n T s;;;;;;;
1476480;3839;92;V;;months;m V n T s;;;;;;;
1480320;4319;92;n;;months;m V n T s;;;;;;;
1484640;5279;92;T;;months;m V n T s;;;;;;;
1489920;2399;92;s;;months;m V n T s;;;;;;;
1492320;37439;-1;<p:>;;;;;;;;;;
1529760;1439;93;D;;The;D V;;;;;;;
1531200;1439;93;V;;The;D V;;;;;;;
1532640;2399;94;d;;detective;d I t E k t I v;;;;;;;
1535040;2879;94;I;;detective;d I t E k t I v;;;;;;;
1537920;3359;94;t;;detective;d I t E k t I v;;;;;;;
1541280;3839;94;E;;detective;d I t E k t I v;;;;;;;
1545120;2879;94;k;;detective;d I t E k t I v;;;;;;;
1548000;3359;94;t;;detective;d I t E k t I v;;;;;;;
1551360;1439;94;I;;detective;d I t E k t I v;;;;;;;
1552800;4319;94;v;;detective;d I t E k t I v;;;;;;;
1557120;2399;95;l;;looks;l U k s;;;;;;;
1559520;2399;95;U;;looks;l U k s;;;;;;;
1561920;1919;95;k;;looks;l U k s;;;;;;;
1563840;5039;95;s;;looks;l U k s;;;;;;;
1568880;2639;96;{;;at;{ t;;;;;;;
1571520;3359;96;t;;at;{ t;;;;;;;
1574880;10079;-1;<p:>;;;;;;;;;;
1584960;1439;97;D;;the;D V;;;;;;;
1586400;1439;97;V;;the;D V;;;;;;;
1587840;3839;-1;<p:>;;;;;;;;;;
1591680;5759;98;f;;fireplace;f aI 3` p l eI s;;;;;;;
1597440;5279;98;aI;;fireplace;f aI 3` p l eI s;;;;;;;
1602720;2879;98;3`;;fireplace;f aI 3` p l eI s;;;;;;;
1605600;5759;98;p;;fireplace;f aI 3` p l eI s;;;;;;;
1611360;1919;98;l;;fireplace;f aI 3` p l eI s;;;;;;;
1613280;5759;98;eI;;fireplace;f aI 3` p l eI s;;;;;;;
1619040;5279;98;s;;fireplace;f aI 3` p l eI s;;;;;;;
1624320;11039;-1;<p:>;;;;;;;;;;
1635360;1439;99;D;;The;D V;;;;;;;
1636800;1439;99;V;;The;D V;;;;;;;
1638240;5279;100;R;;robber;R Q b 3`;;;;;;;
1643520;1919;100;Q;;robber;R Q b 3`;;;;;;;
1645440;3839;100;b;;robber;R Q b 3`;;;;;;;
1649280;3839;100;3`;;robber;R Q b 3`;;;;;;;
1653120;16319;-1;<p:>;;;;;;;;;;
1669440;1439;101;d;;did;d I d;;;;;;;
1670880;1439;101;I;;did;d I d;;;;;;;
1672320;2879;101;d;;did;d I d;;;;;;;
1675200;2399;102;n;;not;n Q t;;;;;;;
1677600;2879;102;Q;;not;n Q t;;;;;;;
1680480;1919;102;t;;not;n Q t;;;;;;;
1682400;3359;103;s;;squeeze;s k w i: z;;;;;;;
1685760;5759;103;k;;squeeze;s k w i: z;;;;;;;
1691520;1439;103;w;;squeeze;s k w i: z;;;;;;;
1692960;4799;103;i:;;squeeze;s k w i: z;;;;;;;
1697760;2399;103;z;;squeeze;s k w i: z;;;;;;;
1700160;4319;104;d;;down;d aU n;;;;;;;
1704480;8159;104;aU;;down;d aU n;;;;;;;
1712640;6239;104;n;;down;d aU n;;;;;;;
1718880;1439;105;h;;here;h i: R;;;;;;;
1720320;6239;105;i:;;here;h i: R;;;;;;;
1726560;1439;105;R;;here;h i: R;;;;;;;
1728000;35519;-1;<p:>;;;;;;;;;;
1763520;1439;106;D;;The;D V;;;;;;;
1764960;1439;106;V;;The;D V;;;;;;;
1766400;2399;107;d;;detective;d I t E k t I v;;;;;;;
1768800;2879;107;I;;detective;d I t E k t I v;;;;;;;
1771680;2879;107;t;;detective;d I t E k t I v;;;;;;;
1774560;4799;107;E;;detective;d I t E k t I v;;;;;;;
1779360;3839;107;k;;detective;d I t E k t I v;;;;;;;
1783200;2399;107;t;;detective;d I t E k t I v;;;;;;;
1785600;3359;107;I;;detective;d I t E k t I v;;;;;;;
1788960;1439;107;v;;detective;d I t E k t I v;;;;;;;
1790400;31199;-1;<p:>;;;;;;;;;;
1821600;2879;108;w;;walks;w O: k s;;;;;;;
1824480;7679;108;O:;;walks;w O: k s;;;;;;;
1832160;2879;108;k;;walks;w O: k s;;;;;;;
1835040;1919;108;s;;walks;w O: k s;;;;;;;
1836960;1919;109;t;;to;t u:;;;;;;;
1838880;1919;109;@;;to;t u:;;;;;;;
1840800;3359;110;D;;the;D V;;;;;;;
1844160;1919;110;V;;the;D V;;;;;;;
1846080;9119;111;f;;front;f R V n t;;;;;;;
1855200;2399;111;R;;front;f R V n t;;;;;;;
1857600;1439;111;V;;front;f R V n t;;;;;;;
1859040;3359;111;n;;front;f R V n t;;;;;;;
1862400;1919;111;t;;front;f R V n t;;;;;;;
1864320;1439;112;d;;door;d O: R;;;;;;;
1865760;8159;112;O:;;door;d O: R;;;;;;;
1873920;1439;112;R;;door;d O: R;;;;;;;
1875360;9119;-1;<p:>;;;;;;;;;;
1884480;2879;113;h;;He;h i:;;;;;;;
1887360;5759;113;i:;;He;h i:;;;;;;;
1893120;1439;114;I;;examines;I g z { m V n z;;;;;;;
1894560;1919;114;g;;examines;I g z { m V n z;;;;;;;
1896480;2879;114;z;;examines;I g z { m V n z;;;;;;;
1899360;3839;114;{;;examines;I g z { m V n z;;;;;;;
1903200;5279;114;m;;examines;I g z { m V n z;;;;;;;
1908480;1439;114;V;;examines;I g z { m V n z;;;;;;;
1909920;7199;114;n;;examines;I g z { m V n z;;;;;;;
1917120;6719;114;z;;examines;I g z { m V n z;;;;;;;
1923840;3359;-1;<p:>;;;;;;;;;;
1927200;3839;115;D;;the;D V;;;;;;;
1931040;1439;115;V;;the;D V;;;;;;;
1932480;5759;116;l;;latch;l { tS;;;;;;;
1938240;10559;116;{;;latch;l { tS;;;;;;;
1948800;8639;116;tS;;latch;l { tS;;;;;;;
1957440;29279;-1;<p:>;;;;;;;;;;
1986720;3839;117;V;;And;V n d;;;;;;;
1990560;1439;117;n;;And;V n d;;;;;;;
1992000;1919;117;d;;And;V n d;;;;;;;
1993920;3839;118;s;;since;s I n s;;;;;;;
1997760;2879;118;I;;since;s I n s;;;;;;;
2000640;4319;118;n;;since;s I n s;;;;;;;
2004960;1439;118;s;;since;s I n s;;;;;;;
2006400;1439;119;D;;there;D E R;;;;;;;
2007840;1439;119;E;;there;D E R;;;;;;;
2009280;1439;119;R;;there;D E R;;;;;;;
2010720;1439;120;Q;;are;Q R;;;;;;;
2012160;1919;120;R;;are;Q R;;;;;;;
2014080;13439;121;n;;no;n @U;;;;;;;
2027520;6239;121;@U;;no;n @U;;;;;;;
2033760;3839;122;m;;marks;m Q R k s;;;;;;;
2037600;4799;122;Q;;marks;m Q R k s;;;;;;;
2042400;1919;122;R;;marks;m Q R k s;;;;;;;
2044320;1919;122;k;;marks;m Q R k s;;;;;;;
2046240;5279;122;s;;marks;m Q R k s;;;;;;;
2051520;2399;123;O:;;or;O: R;;;;;;;
2053920;1439;123;R;;or;O: R;;;;;;;
2055360;3839;124;s;;scratches;s k R { tS V z;;;;;;;
2059200;4319;124;k;;scratches;s k R { tS V z;;;;;;;
2063520;3359;124;R;;scratches;s k R { tS V z;;;;;;;
2066880;3839;124;{;;scratches;s k R { tS V z;;;;;;;
2070720;6719;124;tS;;scratches;s k R { tS V z;;;;;;;
2077440;1439;124;V;;scratches;s k R { tS V z;;;;;;;
2078880;6239;124;z;;scratches;s k R { tS V z;;;;;;;
2085120;19679;-1;<p:>;;;;;;;;;;
2104800;1919;125;D;;the;D V;;;;;;;
2106720;1439;125;V;;the;D V;;;;;;;
2108160;5759;126;R;;robber;R Q b 3`;;;;;;;
2113920;3839;126;Q;;robber;R Q b 3`;;;;;;;
2117760;2879;126;b;;robber;R Q b 3`;;;;;;;
2120640;2879;126;3`;;robber;R Q b 3`;;;;;;;
2123520;5279;127;d;;definitely;d E f V n V t l i:;;;;;;;
2128800;2399;127;E;;definitely;d E f V n V t l i:;;;;;;;
2131200;1439;127;f;;definitely;d E f V n V t l i:;;;;;;;
2132640;1439;127;V;;definitely;d E f V n V t l i:;;;;;;;
2134080;4319;127;n;;definitely;d E f V n V t l i:;;;;;;;
2138400;1439;127;V;;definitely;d E f V n V t l i:;;;;;;;
2139840;2879;127;t;;definitely;d E f V n V t l i:;;;;;;;
2142720;1919;127;l;;definitely;d E f V n V t l i:;;;;;;;
2144640;1919;127;i:;;definitely;d E f V n V t l i:;;;;;;;
2146560;3359;128;d;;did;d I d;;;;;;;
2149920;1439;128;I;;did;d I d;;;;;;;
2151360;1919;128;d;;did;d I d;;;;;;;
2153280;3839;129;n;;not;n Q t;;;;;;;
2157120;3839;129;Q;;not;n Q t;;;;;;;
2160960;1919;129;t;;not;n Q t;;;;;;;
2162880;6239;130;t;;try;t R aI;;;;;;;
2169120;1439;130;R;;try;t R aI;;;;;;;
2170560;8159;130;aI;;try;t R aI;;;;;;;
2178720;4319;131;t;;to;t u:;;;;;;;
2183040;2879;131;u:;;to;t u:;;;;;;;
2185920;4319;132;b;;break;b R eI k;;;;;;;
2190240;1919;132;R;;break;b R eI k;;;;;;;
2192160;3359;132;eI;;break;b R eI k;;;;;;;
2195520;2399;132;k;;break;b R eI k;;;;;;;
2197920;2879;133;D;;the;D V;;;;;;;
2200800;1439;133;V;;the;D V;;;;;;;
2202240;3359;134;l;;lock;l Q k;;;;;;;
2205600;7679;134;Q;;lock;l Q k;;;;;;;
2213280;2399;134;k;;lock;l Q k;;;;;;;
2215680;35999;-1;<p:>;;;;;;;;;;
2251680;2879;135;aI;;I;aI;;;;;;;
2254560;1439;136;h;;have;h { v;;;;;;;
2256000;4319;136;{;;have;h { v;;;;;;;
2260320;2399;136;v;;have;h { v;;;;;;;
2262720;4799;137;n;;no;n @U;;;;;;;
2267520;7679;137;@U;;no;n @U;;;;;;;
2275200;4319;138;aI;;idea;aI d i: V;;;;;;;
2279520;2879;138;d;;idea;aI d i: V;;;;;;;
2282400;9119;138;i:;;idea;aI d i: V;;;;;;;
2291520;1439;138;V;;idea;aI d i: V;;;;;;;
2292960;21599;139;h\;;how;h aU;;;;;;;
2314560;3839;139;aU;;how;h aU;;;;;;;
2318400;1919;140;h;;he;h i:;;;;;;;
2320320;5759;140;i:;;he;h i:;;;;;;;
2326080;4319;141;d;;did;d I d;;;;;;;
2330400;2879;141;I;;did;d I d;;;;;;;
2333280;3839;141;d;;did;d I d;;;;;;;
2337120;3359;142;I;;it;I t;;;;;;;
2340480;4319;142;t;;it;I t;;;;;;;
2344800;47519;-1;<p:>;;;;;;;;;;
2392320;4799;143;s;;says;s E z;;;;;;;
2397120;6719;143;E;;says;s E z;;;;;;;
2403840;2879;143;z;;says;s E z;;;;;;;
2406720;4319;144;V;;a;V;;;;;;;
2411040;4319;-1;<p:>;;;;;;;;;;
2415360;1439;145;b;;bothered;b Q D 3` d;;;;;;;
2416800;6719;145;Q;;bothered;b Q D 3` d;;;;;;;
2423520;3359;145;D;;bothered;b Q D 3` d;;;;;;;
2426880;3359;145;3`;;bothered;b Q D 3` d;;;;;;;
2430240;5279;145;d;;bothered;b Q D 3` d;;;;;;;
2435520;4319;146;m;;Ms;m s;;;;;;;
2439840;4319;146;s;;Ms;m s;;;;;;;
2444160;2879;-1;<p:>;;;;;;;;;;
2447040;1919;147;g;;Gervis;g 3` v I s;;;;;;;
2448960;7199;147;3`;;Gervis;g 3` v I s;;;;;;;
2456160;2879;147;v;;Gervis;g 3` v I s;;;;;;;
2459040;1919;147;I;;Gervis;g 3` v I s;;;;;;;
2460960;3839;147;s;;Gervis;g 3` v I s;;;;;;;
2464800;1439;148;I;;It;I t;;;;;;;
2466240;3359;148;t;;It;I t;;;;;;;
2469600;20159;-1;<p:>;;;;;;;;;;
2489760;5759;149;I;;is;I z;;;;;;;
2495520;1919;149;z;;is;I z;;;;;;;
2497440;4319;150;V;;a;V;;;;;;;
2501760;3839;151;b;;big;b I g;;;;;;;
2505600;1919;151;I;;big;b I g;;;;;;;
2507520;4319;151;g;;big;b I g;;;;;;;
2511840;2879;152;m;;mystery;m I s t 3` i:;;;;;;;
2514720;3359;152;I;;mystery;m I s t 3` i:;;;;;;;
2518080;4799;152;s;;mystery;m I s t 3` i:;;;;;;;
2522880;3839;152;t;;mystery;m I s t 3` i:;;;;;;;
2526720;2399;152;3`;;mystery;m I s t 3` i:;;;;;;;
2529120;1919;152;i:;;mystery;m I s t 3` i:;;;;;;;
2531040;30239;-1;<p:>;;;;;;;;;;
2561280;2399;153;V;;And;V n d;;;;;;;
2563680;2399;153;n;;And;V n d;;;;;;;
2566080;2399;153;d;;And;V n d;;;;;;;
2568480;1439;154;j;;you;j u:;;;;;;;
2569920;4319;154;u:;;you;j u:;;;;;;;
2574240;6239;155;s;;say;s eI;;;;;;;
2580480;5759;155;eI;;say;s eI;;;;;;;
2586240;3359;156;D;;the;D V;;;;;;;
2589600;1919;156;V;;the;D V;;;;;;;
2591520;5279;157;R;;robber;R Q b 3`;;;;;;;
2596800;3359;157;Q;;robber;R Q b 3`;;;;;;;
2600160;2879;157;b;;robber;R Q b 3`;;;;;;;
2603040;3359;157;3`;;robber;R Q b 3`;;;;;;;
2606400;4799;158;s;;stole;s t @U l;;;;;;;
2611200;2399;158;t;;stole;s t @U l;;;;;;;
2613600;3359;158;@U;;stole;s t @U l;;;;;;;
2616960;1919;158;l;;stole;s t @U l;;;;;;;
2618880;4799;159;n;;nothing;n V T I N;;;;;;;
2623680;3839;159;V;;nothing;n V T I N;;;;;;;
2627520;1919;159;T;;nothing;n V T I N;;;;;;;
2629440;2399;159;I;;nothing;n V T I N;;;;;;;
2631840;3359;159;N;;nothing;n V T I N;;;;;;;
2635200;1439;160;E;;else;E l s;;;;;;;
2636640;6719;160;l;;else;E l s;;;;;;;
2643360;8639;160;s;;else;E l s;;;;;;;
2652000;5759;-1;<p:>;;;;;;;;;;
2657760;5279;161;{;;asks;{ s k s;;;;;;;
2663040;1919;161;s;;asks;{ s k s;;;;;;;
2664960;1439;161;k;;asks;{ s k s;;;;;;;
2666400;2879;161;s;;asks;{ s k s;;;;;;;
2669280;2399;-1;<p:>;;;;;;;;;;
2671680;1439;162;D;;the;D V;;;;;;;
2673120;1439;162;V;;the;D V;;;;;;;
2674560;1919;163;d;;detective;d I t E k t I v;;;;;;;
2676480;1439;163;I;;detective;d I t E k t I v;;;;;;;
2677920;3839;163;t;;detective;d I t E k t I v;;;;;;;
2681760;2399;163;E;;detective;d I t E k t I v;;;;;;;
2684160;1439;163;t;;detective;d I t E k t I v;;;;;;;
2685600;1439;163;I;;detective;d I t E k t I v;;;;;;;
2687040;1439;163;v;;detective;d I t E k t I v;;;;;;;
2688480;5279;-1;<p:>;;;;;;;;;;
2693760;1439;164;n;;No;n @U;;;;;;;
2695200;6719;164;@U;;No;n @U;;;;;;;
2701920;3359;165;m;;money;m V n i:;;;;;;;
2705280;2399;165;V;;money;m V n i:;;;;;;;
2707680;2399;165;n;;money;m V n i:;;;;;;;
2710080;2879;165;i:;;money;m V n i:;;;;;;;
2712960;23519;-1;<p:>;;;;;;;;;;
2736480;2879;166;n;;no;n @U;;;;;;;
2739360;7199;166;@U;;no;n @U;;;;;;;
2746560;3839;167;dZ;;jewelry;dZ u: V l R i:;;;;;;;
2750400;5279;167;u:;;jewelry;dZ u: V l R i:;;;;;;;
2755680;1439;167;V;;jewelry;dZ u: V l R i:;;;;;;;
2757120;1439;167;l;;jewelry;dZ u: V l R i:;;;;;;;
2758560;2399;167;R;;jewelry;dZ u: V l R i:;;;;;;;
2760960;3359;167;i:;;jewelry;dZ u: V l R i:;;;;;;;
2764320;10559;-1;<p:>;;;;;;;;;;
2774880;2399;168;n;;no;n @U;;;;;;;
2777280;5279;168;@U;;no;n @U;;;;;;;
2782560;4799;169;k;;crystal;k R I s t V l;;;;;;;
2787360;1439;169;R;;crystal;k R I s t V l;;;;;;;
2788800;1439;169;I;;crystal;k R I s t V l;;;;;;;
2790240;2879;169;s;;crystal;k R I s t V l;;;;;;;
2793120;1919;169;t;;crystal;k R I s t V l;;;;;;;
2795040;1919;169;V;;crystal;k R I s t V l;;;;;;;
2796960;3359;169;l;;crystal;k R I s t V l;;;;;;;
2800320;27359;-1;<p:>;;;;;;;;;;
2827680;1439;170;T;;That’s;T { t s;;;;;;;
2829120;3359;170;{;;That’s;T { t s;;;;;;;
2832480;1439;170;t;;That’s;T { t s;;;;;;;
2833920;4799;170;s;;That’s;T { t s;;;;;;;
2838720;2399;171;R;;right;R aI t;;;;;;;
2841120;3839;171;aI;;right;R aI t;;;;;;;
2844960;1439;171;t;;right;R aI t;;;;;;;
2846400;2879;172;d;;detective;d I t E k t I v;;;;;;;
2849280;1439;172;I;;detective;d I t E k t I v;;;;;;;
2850720;1439;172;t;;detective;d I t E k t I v;;;;;;;
2852160;4799;172;E;;detective;d I t E k t I v;;;;;;;
2856960;1919;172;k;;detective;d I t E k t I v;;;;;;;
2858880;2399;172;t;;detective;d I t E k t I v;;;;;;;
2861280;2879;172;I;;detective;d I t E k t I v;;;;;;;
2864160;1919;172;v;;detective;d I t E k t I v;;;;;;;
2866080;19679;-1;<p:>;;;;;;;;;;
2885760;2399;173;h;;He;h i:;;;;;;;
2888160;2399;173;i:;;He;h i:;;;;;;;
2890560;2879;174;t;;took;t U k;;;;;;;
2893440;2879;174;U;;took;t U k;;;;;;;
2896320;3359;174;k;;took;t U k;;;;;;;
2899680;4319;175;@U;;only;@U n l i:;;;;;;;
2904000;1439;175;n;;only;@U n l i:;;;;;;;
2905440;1439;175;l;;only;@U n l i:;;;;;;;
2906880;1919;175;i:;;only;@U n l i:;;;;;;;
2908800;3839;176;w;;what;w V t;;;;;;;
2912640;2399;176;V;;what;w V t;;;;;;;
2915040;2879;176;t;;what;w V t;;;;;;;
2917920;1439;177;w;;was;w Q z;;;;;;;
2919360;1919;177;Q;;was;w Q z;;;;;;;
2921280;2399;177;z;;was;w Q z;;;;;;;
2923680;1439;178;I;;important;I m p O: R t V n t;;;;;;;
2925120;2879;178;m;;important;I m p O: R t V n t;;;;;;;
2928000;3839;178;p;;important;I m p O: R t V n t;;;;;;;
2931840;3839;178;O:;;important;I m p O: R t V n t;;;;;;;
2935680;1439;178;R;;important;I m p O: R t V n t;;;;;;;
2937120;1439;178;t;;important;I m p O: R t V n t;;;;;;;
2938560;1439;178;V;;important;I m p O: R t V n t;;;;;;;
2940000;1919;178;n;;important;I m p O: R t V n t;;;;;;;
2941920;1439;179;t;;to;t u:;;;;;;;
2943360;1919;179;u:;;to;t u:;;;;;;;
2945280;3359;180;m;;me;m i:;;;;;;;
2948640;4319;180;i:;;me;m i:;;;;;;;
2952960;9119;-1;<p:>;;;;;;;;;;
2962080;2399;181;m;;Ms;m s;;;;;;;
2964480;2399;181;s;;Ms;m s;;;;;;;
2966880;1919;182;g;;Gervis;g 3` v I s;;;;;;;
2968800;4799;182;3`;;Gervis;g 3` v I s;;;;;;;
2973600;2399;182;v;;Gervis;g 3` v I s;;;;;;;
2976000;1439;182;I;;Gervis;g 3` v I s;;;;;;;
2977440;2399;182;s;;Gervis;g 3` v I s;;;;;;;
2979840;3359;183;s;;says;s E z;;;;;;;
2983200;2879;183;E;;says;s E z;;;;;;;
2986080;3359;183;z;;says;s E z;;;;;;;
2989440;1439;184;w;;with;w I D;;;;;;;
2990880;1439;184;I;;with;w I D;;;;;;;
2992320;1919;184;D;;with;w I D;;;;;;;
2994240;1439;185;V;;a;V;;;;;;;
2995680;9599;186;s;;sigh;s aI;;;;;;;
3005280;6719;186;aI;;sigh;s aI;;;;;;;
3012000;1439;187;D;;There;D E R;;;;;;;
3013440;1439;187;E;;There;D E R;;;;;;;
3014880;1439;187;R;;There;D E R;;;;;;;
3016320;33119;-1;<p:>;;;;;;;;;;
3049440;3839;188;I;;is;I z;;;;;;;
3053280;2399;188;z;;is;I z;;;;;;;
3055680;7199;189;@U;;only;@U n l i:;;;;;;;
3062880;1439;189;n;;only;@U n l i:;;;;;;;
3064320;1439;189;l;;only;@U n l i:;;;;;;;
3065760;1919;189;i:;;only;@U n l i:;;;;;;;
3067680;6239;190;w;;one;w V n;;;;;;;
3073920;2399;190;V;;one;w V n;;;;;;;
3076320;5519;190;n;;one;w V n;;;;;;;
3081840;3119;191;T;;thing;T I N;;;;;;;
3084960;2399;191;I;;thing;T I N;;;;;;;
3087360;5279;191;N;;thing;T I N;;;;;;;
3092640;3839;192;aI;;I;aI;;;;;;;
3096480;2879;193;k;;can;k { n;;;;;;;
3099360;1439;193;{;;can;k { n;;;;;;;
3100800;1439;193;n;;can;k { n;;;;;;;
3102240;1439;194;d;;do;d u:;;;;;;;
3103680;4799;194;u:;;do;d u:;;;;;;;
3108480;2399;195;n;;now;n aU;;;;;;;
3110880;4319;195;aU;;now;n aU;;;;;;;
3115200;1439;196;V;;And;V n d;;;;;;;
3116640;6719;196;n;;And;V n d;;;;;;;
3123360;1439;196;d;;And;V n d;;;;;;;
3124800;14399;-1;<p:>;;;;;;;;;;
3139200;5759;197;w;;what;w V t;;;;;;;
3144960;1439;197;V;;what;w V t;;;;;;;
3146400;1439;197;t;;what;w V t;;;;;;;
3147840;3839;198;I;;is;I z;;;;;;;
3151680;2879;198;z;;is;I z;;;;;;;
3154560;1439;199;D;;that;D { t;;;;;;;
3156000;5279;199;{;;that;D { t;;;;;;;
3161280;1439;199;t;;that;D { t;;;;;;;
3162720;1439;200;D;;the;D V;;;;;;;
3164160;1439;200;V;;the;D V;;;;;;;
3165600;19679;-1;<p:>;;;;;;;;;;
3185280;1439;201;d;;detective;d I t E k t I v;;;;;;;
3186720;1439;201;I;;detective;d I t E k t I v;;;;;;;
3188160;2879;201;t;;detective;d I t E k t I v;;;;;;;
3191040;3839;201;E;;detective;d I t E k t I v;;;;;;;
3194880;2879;201;k;;detective;d I t E k t I v;;;;;;;
3197760;2399;201;t;;detective;d I t E k t I v;;;;;;;
3200160;1439;201;I;;detective;d I t E k t I v;;;;;;;
3201600;1919;201;v;;detective;d I t E k t I v;;;;;;;
3203520;3839;202;{;;asks;{ s k s;;;;;;;
3207360;2399;202;s;;asks;{ s k s;;;;;;;
3209760;1439;202;k;;asks;{ s k s;;;;;;;
3211200;1439;203;w;;with;w I D;;;;;;;
3212640;1439;203;I;;with;w I D;;;;;;;
3214080;1439;203;D;;with;w I D;;;;;;;
3215520;6239;204;s;;surprise;s 3` p R aI z;;;;;;;
3221760;2399;204;3`;;surprise;s 3` p R aI z;;;;;;;
3224160;6239;204;p;;surprise;s 3` p R aI z;;;;;;;
3230400;4319;204;R;;surprise;s 3` p R aI z;;;;;;;
3234720;7199;204;aI;;surprise;s 3` p R aI z;;;;;;;
3241920;4799;204;z;;surprise;s 3` p R aI z;;;;;;;
3246720;32639;-1;<p:>;;;;;;;;;;
3279360;5279;205;aI;;I;aI;;;;;;;
3284640;1439;206;w;;will;w I l;;;;;;;
3286080;1439;206;I;;will;w I l;;;;;;;
3287520;2399;206;l;;will;w I l;;;;;;;
3289920;5279;207;s;;stop;s t Q p;;;;;;;
3295200;3359;207;t;;stop;s t Q p;;;;;;;
3298560;4799;207;Q;;stop;s t Q p;;;;;;;
3303360;1439;207;p;;stop;s t Q p;;;;;;;
3304800;4799;208;b;;baking;b eI k I N;;;;;;;
3309600;5279;208;eI;;baking;b eI k I N;;;;;;;
3314880;4799;208;k;;baking;b eI k I N;;;;;;;
3319680;1439;208;I;;baking;b eI k I N;;;;;;;
3321120;2879;208;N;;baking;b eI k I N;;;;;;;
3324000;3839;209;k;;cakes;k eI k s;;;;;;;
3327840;5279;209;eI;;cakes;k eI k s;;;;;;;
3333120;4319;209;k;;cakes;k eI k s;;;;;;;
3337440;7199;209;s;;cakes;k eI k s;;;;;;;
3344640;23519;-1;<p:>;;;;;;;;;;
3368160;3359;210;m;;Ms;m s;;;;;;;
3371520;4319;210;s;;Ms;m s;;;;;;;
3375840;1919;211;g;;Gervis;g 3` v I s;;;;;;;
3377760;3839;211;3`;;Gervis;g 3` v I s;;;;;;;
3381600;3359;211;v;;Gervis;g 3` v I s;;;;;;;
3384960;1919;211;I;;Gervis;g 3` v I s;;;;;;;
3386880;4319;211;s;;Gervis;g 3` v I s;;;;;;;
3391200;2879;212;s;;says;s E z;;;;;;;
3394080;5759;212;E;;says;s E z;;;;;;;
3399840;4799;212;z;;says;s E z;;;;;;;
3404640;23039;-1;<p:>;;;;;;;;;;
3427680;1919;213;D;;They;D eI;;;;;;;
3429600;4799;213;eI;;They;D eI;;;;;;;
3434400;1919;214;6;;are;Q R;;;;;;;
3436320;3839;215;m;;mine;m aI n;;;;;;;
3440160;6719;215;aI;;mine;m aI n;;;;;;;
3446880;3359;215;n;;mine;m aI n;;;;;;;
3450240;2879;216;t;;to;t u:;;;;;;;
3453120;1439;216;I;;to;t u:;;;;;;;
3454560;5759;217;g;;give;g I v;;;;;;;
3460320;1439;217;I;;give;g I v;;;;;;;
3461760;1439;217;v;;give;g I v;;;;;;;
3463200;1439;218;V;;away;V w eI;;;;;;;
3464640;6239;218;w;;away;V w eI;;;;;;;
3470880;7199;218;eI;;away;V w eI;;;;;;;
3478080;10559;-1;<p:>;;;;;;;;;;
3488640;1919;219;D;;They;D eI;;;;;;;
3490560;2399;219;eI;;They;D eI;;;;;;;
3492960;1439;220;Q;;are;Q R;;;;;;;
3494400;1439;220;R;;are;Q R;;;;;;;
3495840;3839;221;n;;not;n Q t;;;;;;;
3499680;3359;221;Q;;not;n Q t;;;;;;;
3503040;8159;221;t;;not;n Q t;;;;;;;
3511200;1919;222;f;;for;f O: R;;;;;;;
3513120;2879;222;6;;for;f O: R;;;;;;;
3516000;5279;223;s;;someone;s V m w V n;;;;;;;
3521280;1919;223;V;;someone;s V m w V n;;;;;;;
3523200;1919;223;m;;someone;s V m w V n;;;;;;;
3525120;2399;223;w;;someone;s V m w V n;;;;;;;
3527520;1919;223;V;;someone;s V m w V n;;;;;;;
3529440;1439;223;n;;someone;s V m w V n;;;;;;;
3530880;3359;224;t;;to;t u:;;;;;;;
3534240;1919;224;u:;;to;t u:;;;;;;;
3536160;5279;225;s;;steal;s t i: l;;;;;;;
3541440;2879;225;t;;steal;s t i: l;;;;;;;
3544320;5759;225;i:;;steal;s t i: l;;;;;;;
3550080;1439;225;l;;steal;s t i: l;;;;;;;
3551520;36479;-1;<p:>;;;;;;;;;;
3588000;2879;226;u;;You;j u:;;;;;;;
3590880;4799;227;k;;can’t;k { n t;;;;;;;
3595680;4799;227;{;;can’t;k { n t;;;;;;;
3600480;3839;227;n;;can’t;k { n t;;;;;;;
3604320;1439;227;t;;can’t;k { n t;;;;;;;
3605760;1439;228;d;;do;d u:;;;;;;;
3607200;5759;228;u:;;do;d u:;;;;;;;
3612960;2399;229;D;;that;D { t;;;;;;;
3615360;6719;229;{;;that;D { t;;;;;;;
3622080;3359;229;t;;that;D { t;;;;;;;
3625440;1439;230;s;;says;s E z;;;;;;;
3626880;1439;230;E;;says;s E z;;;;;;;
3628320;6239;230;z;;says;s E z;;;;;;;
3634560;1439;231;D;;the;D V;;;;;;;
3636000;1439;231;V;;the;D V;;;;;;;
3637440;2399;232;d;;detective;d I t E k t I v;;;;;;;
3639840;2399;232;I;;detective;d I t E k t I v;;;;;;;
3642240;2879;232;t;;detective;d I t E k t I v;;;;;;;
3645120;2879;232;E;;detective;d I t E k t I v;;;;;;;
3648000;2399;232;k;;detective;d I t E k t I v;;;;;;;
3650400;1919;232;t;;detective;d I t E k t I v;;;;;;;
3652320;1439;232;I;;detective;d I t E k t I v;;;;;;;
3653760;2399;232;v;;detective;d I t E k t I v;;;;;;;
3656160;2879;-1;<p:>;;;;;;;;;;
3659040;1439;233;w;;with;w I D;;;;;;;
3660480;1439;233;I;;with;w I D;;;;;;;
3661920;1919;233;D;;with;w I D;;;;;;;
3663840;1439;234;V;;alarm;V l Q R m;;;;;;;
3665280;6719;234;l;;alarm;V l Q R m;;;;;;;
3672000;6239;234;Q;;alarm;V l Q R m;;;;;;;
3678240;1919;234;R;;alarm;V l Q R m;;;;;;;
3680160;2399;234;m;;alarm;V l Q R m;;;;;;;
3682560;28799;-1;<p:>;;;;;;;;;;
3711360;3359;235;h;;Who;h u:;;;;;;;
3714720;2399;235;u:;;Who;h u:;;;;;;;
3717120;3839;236;w;;will;w I l;;;;;;;
3720960;2879;236;I;;will;w I l;;;;;;;
3723840;1439;236;l;;will;w I l;;;;;;;
3725280;1919;237;b;;bake;b eI k;;;;;;;
3727200;5759;237;eI;;bake;b eI k;;;;;;;
3732960;1919;237;k;;bake;b eI k;;;;;;;
3734880;3839;238;D;;those;D @U z;;;;;;;
3738720;5279;238;@U;;those;D @U z;;;;;;;
3744000;5759;238;z;;those;D @U z;;;;;;;
3749760;2399;239;d;;delicious;d I l I S V s;;;;;;;
3752160;1919;239;I;;delicious;d I l I S V s;;;;;;;
3754080;2879;239;l;;delicious;d I l I S V s;;;;;;;
3756960;3359;239;I;;delicious;d I l I S V s;;;;;;;
3760320;3839;239;S;;delicious;d I l I S V s;;;;;;;
3764160;2399;239;V;;delicious;d I l I S V s;;;;;;;
3766560;3839;239;s;;delicious;d I l I S V s;;;;;;;
3770400;4319;240;k;;cakes;k eI k s;;;;;;;
3774720;6239;240;eI;;cakes;k eI k s;;;;;;;
3780960;4319;240;k;;cakes;k eI k s;;;;;;;
3785280;3839;240;s;;cakes;k eI k s;;;;;;;
3789120;34559;-1;<p:>;;;;;;;;;;
3823680;1919;241;aI;;I;aI;;;;;;;
3825600;1439;242;{;;am;{ m;;;;;;;
3827040;2879;242;m;;am;{ m;;;;;;;
3829920;6719;243;s;;sorry;s Q R i:;;;;;;;
3836640;3359;243;Q;;sorry;s Q R i:;;;;;;;
3840000;2879;243;R;;sorry;s Q R i:;;;;;;;
3842880;3359;243;i:;;sorry;s Q R i:;;;;;;;
3846240;7679;-1;<p:>;;;;;;;;;;
3853920;2399;244;aI;;I;aI;;;;;;;
3856320;1439;245;d;;do;d u:;;;;;;;
3857760;3839;245;u:;;do;d u:;;;;;;;
3861600;1439;246;n;;not;n Q t;;;;;;;
3863040;1439;246;Q;;not;n Q t;;;;;;;
3864480;1439;246;t;;not;n Q t;;;;;;;
3865920;4799;247;n;;know;n @U;;;;;;;
3870720;10079;247;@U;;know;n @U;;;;;;;
3880800;11519;-1;<p:>;;;;;;;;;;
3892320;4799;248;s;;says;s E z;;;;;;;
3897120;4799;248;E;;says;s E z;;;;;;;
3901920;2879;248;z;;says;s E z;;;;;;;
3904800;3839;249;m;;Ms;m s;;;;;;;
3908640;4799;249;s;;Ms;m s;;;;;;;
3913440;4799;-1;<p:>;;;;;;;;;;
3918240;1439;250;g;;Gervis;g 3` v I s;;;;;;;
3919680;7679;250;3`;;Gervis;g 3` v I s;;;;;;;
3927360;1439;250;v;;Gervis;g 3` v I s;;;;;;;
3928800;2399;250;I;;Gervis;g 3` v I s;;;;;;;
3931200;4799;250;s;;Gervis;g 3` v I s;;;;;;;
3936000;32639;-1;<p:>;;;;;;;;;;
3968640;3839;251;aI;;I;aI;;;;;;;
3972480;1919;252;m;;must;m V s t;;;;;;;
3974400;3359;252;V;;must;m V s t;;;;;;;
3977760;3839;252;s;;must;m V s t;;;;;;;
3981600;2399;252;t;;must;m V s t;;;;;;;
3984000;3359;253;s;;solve;s Q l v;;;;;;;
3987360;1919;253;Q;;solve;s Q l v;;;;;;;
3989280;9119;253;l;;solve;s Q l v;;;;;;;
3998400;1439;253;v;;solve;s Q l v;;;;;;;
3999840;1919;254;D;;this;D I s;;;;;;;
4001760;2879;254;I;;this;D I s;;;;;;;
4004640;4799;254;s;;this;D I s;;;;;;;
4009440;3839;255;k;;case;k eI s;;;;;;;
4013280;5759;255;eI;;case;k eI s;;;;;;;
4019040;4799;255;s;;case;k eI s;;;;;;;
4023840;1439;256;I;;immediately;I m i: d i: V t l i:;;;;;;;
4025280;3359;256;m;;immediately;I m i: d i: V t l i:;;;;;;;
4028640;2399;256;i:;;immediately;I m i: d i: V t l i:;;;;;;;
4031040;1919;256;d;;immediately;I m i: d i: V t l i:;;;;;;;
4032960;1919;256;i:;;immediately;I m i: d i: V t l i:;;;;;;;
4034880;1439;256;V;;immediately;I m i: d i: V t l i:;;;;;;;
4036320;4319;256;t;;immediately;I m i: d i: V t l i:;;;;;;;
4040640;1919;256;l;;immediately;I m i: d i: V t l i:;;;;;;;
4042560;2399;256;i:;;immediately;I m i: d i: V t l i:;;;;;;;
4044960;17279;-1;<p:>;;;;;;;;;;
4062240;7199;257;s;;says;s E z;;;;;;;
4069440;4319;257;E;;says;s E z;;;;;;;
4073760;2399;257;z;;says;s E z;;;;;;;
4076160;1439;258;D;;the;D V;;;;;;;
4077600;1439;258;V;;the;D V;;;;;;;
4079040;2399;-1;<p:>;;;;;;;;;;
4081440;2879;259;d;;detective;d I t E k t I v;;;;;;;
4084320;3839;259;I;;detective;d I t E k t I v;;;;;;;
4088160;2399;259;t;;detective;d I t E k t I v;;;;;;;
4090560;1439;259;E;;detective;d I t E k t I v;;;;;;;
4092000;1439;259;k;;detective;d I t E k t I v;;;;;;;
4093440;1439;259;t;;detective;d I t E k t I v;;;;;;;
4094880;1439;259;I;;detective;d I t E k t I v;;;;;;;
4096320;1439;259;v;;detective;d I t E k t I v;;;;;;;
4097760;31007;-1;<p:>;;;;;;;;;;
